id_subsistema;nom_subsistema;din_instante;val_cargaenergiamwmed
N;NORTE;2001-01-01;2376.73125
NE;NORDESTE;2001-01-01;5035.81666667
S;SUL;2001-01-01;4925.37375
SE;SUDESTE;2001-01-01;19729.23333333
N;NORTE;2001-01-02;2537.38333333
NE;NORDESTE;2001-01-02;5946.3875
S;SUL;2001-01-02;6779.6875
SE;SUDESTE;2001-01-02;24596.19541667
N;NORTE;2001-01-03;2540.34583333
NE;NORDESTE;2001-01-03;6188.10416667
S;SUL;2001-01-03;7371.00416667
SE;SUDESTE;2001-01-03;26063.22166667
N;NORTE;2001-01-04;2534.11666667
NE;NORDESTE;2001-01-04;6232.39583333
S;SUL;2001-01-04;7543.17083333
SE;SUDESTE;2001-01-04;26320.12166667
N;NORTE;2001-01-05;2575.575
NE;NORDESTE;2001-01-05;6202.51666667
S;SUL;2001-01-05;7732.31666667
SE;SUDESTE;2001-01-05;26860.91208333
N;NORTE;2001-01-06;2495.195
NE;NORDESTE;2001-01-06;5922.58333333
S;SUL;2001-01-06;6834.92083333
SE;SUDESTE;2001-01-06;25047.63041667
N;NORTE;2001-01-07;2410.72916667
NE;NORDESTE;2001-01-07;5402.67083333
S;SUL;2001-01-07;5801.07083333
SE;SUDESTE;2001-01-07;22943.49166667
N;NORTE;2001-01-08;2578.53333333
NE;NORDESTE;2001-01-08;6128.23333333
S;SUL;2001-01-08;7442.925
SE;SUDESTE;2001-01-08;27456.62791667
N;NORTE;2001-01-09;2559.38625
NE;NORDESTE;2001-01-09;6332.05
S;SUL;2001-01-09;7794.75833333
SE;SUDESTE;2001-01-09;27902.75583333
N;NORTE;2001-01-10;2543.22666667
NE;NORDESTE;2001-01-10;6361.70833333
S;SUL;2001-01-10;7848.09166667
SE;SUDESTE;2001-01-10;27940.01291667
N;NORTE;2001-01-11;2536.83583333
NE;NORDESTE;2001-01-11;6329.19166667
S;SUL;2001-01-11;7488.25416667
SE;SUDESTE;2001-01-11;28169.65041667
N;NORTE;2001-01-12;2525.36083333
NE;NORDESTE;2001-01-12;6255.84166667
S;SUL;2001-01-12;7205.54583333
SE;SUDESTE;2001-01-12;28334.0225
N;NORTE;2001-01-13;2487.1375
NE;NORDESTE;2001-01-13;5817.14166667
S;SUL;2001-01-13;6514.95416667
SE;SUDESTE;2001-01-13;25423.83041667
N;NORTE;2001-01-14;2405.55833333
NE;NORDESTE;2001-01-14;5352.11666667
S;SUL;2001-01-14;5603.39166667
SE;SUDESTE;2001-01-14;22552.86416667
N;NORTE;2001-01-15;2569.4875
NE;NORDESTE;2001-01-15;6116.16666667
S;SUL;2001-01-15;7376.37083333
SE;SUDESTE;2001-01-15;27258.59041667
N;NORTE;2001-01-16;2576.73333333
NE;NORDESTE;2001-01-16;6253.20416667
S;SUL;2001-01-16;7740.48333333
SE;SUDESTE;2001-01-16;28137.02458333
N;NORTE;2001-01-17;2570.33333333
NE;NORDESTE;2001-01-17;6263.1
S;SUL;2001-01-17;7885.20833333
SE;SUDESTE;2001-01-17;28435.99083333
N;NORTE;2001-01-18;2596.70833333
NE;NORDESTE;2001-01-18;6355.2375
S;SUL;2001-01-18;7957.59166667
SE;SUDESTE;2001-01-18;28744.32
N;NORTE;2001-01-19;2599.90416667
NE;NORDESTE;2001-01-19;6411.1625
S;SUL;2001-01-19;7964.36666667
SE;SUDESTE;2001-01-19;28718.10291667
N;NORTE;2001-01-20;2501.74166667
NE;NORDESTE;2001-01-20;6085.10833333
S;SUL;2001-01-20;6749.15416667
SE;SUDESTE;2001-01-20;25861.29625
N;NORTE;2001-01-21;2391.79166667
NE;NORDESTE;2001-01-21;5491.42083333
S;SUL;2001-01-21;5636.84166667
SE;SUDESTE;2001-01-21;23108.01708333
N;NORTE;2001-01-22;2533.45833333
NE;NORDESTE;2001-01-22;6262.6625
S;SUL;2001-01-22;7490.05
SE;SUDESTE;2001-01-22;27496.48166667
N;NORTE;2001-01-23;2569.76666667
NE;NORDESTE;2001-01-23;6386.35
S;SUL;2001-01-23;7826.77916667
SE;SUDESTE;2001-01-23;28275.84875
N;NORTE;2001-01-24;2552.7875
NE;NORDESTE;2001-01-24;6351.42083333
S;SUL;2001-01-24;7925.72916667
SE;SUDESTE;2001-01-24;28354.11875
N;NORTE;2001-01-25;2557.34166667
NE;NORDESTE;2001-01-25;6374.57916667
S;SUL;2001-01-25;7973.525
SE;SUDESTE;2001-01-25;27640.47333333
N;NORTE;2001-01-26;2546.37916667
NE;NORDESTE;2001-01-26;6415.0625
S;SUL;2001-01-26;8213.18333333
SE;SUDESTE;2001-01-26;28133.48
N;NORTE;2001-01-27;2465.69583333
NE;NORDESTE;2001-01-27;6074.76666667
S;SUL;2001-01-27;7134.5625
SE;SUDESTE;2001-01-27;26155.15875
N;NORTE;2001-01-28;2381.36666667
NE;NORDESTE;2001-01-28;5586.77916667
S;SUL;2001-01-28;5945.6125
SE;SUDESTE;2001-01-28;23487.745
N;NORTE;2001-01-29;2552.865
NE;NORDESTE;2001-01-29;6259.475
S;SUL;2001-01-29;7546.8875
SE;SUDESTE;2001-01-29;28165.95
N;NORTE;2001-01-30;2572.73333333
NE;NORDESTE;2001-01-30;6494.19166667
S;SUL;2001-01-30;7708.02083333
SE;SUDESTE;2001-01-30;29116.17458333
N;NORTE;2001-01-31;2532.51666667
NE;NORDESTE;2001-01-31;6363.53333333
S;SUL;2001-01-31;7801.87083333
SE;SUDESTE;2001-01-31;28975.9175
N;NORTE;2001-02-01;2494.875
NE;NORDESTE;2001-02-01;6425.65416667
S;SUL;2001-02-01;7762.62083333
SE;SUDESTE;2001-02-01;28638.04458333
N;NORTE;2001-02-02;2543.75
NE;NORDESTE;2001-02-02;6430.5125
S;SUL;2001-02-02;7731.45833333
SE;SUDESTE;2001-02-02;28834.15875
N;NORTE;2001-02-03;2434.60833333
NE;NORDESTE;2001-02-03;6097.9875
S;SUL;2001-02-03;6810.85833333
SE;SUDESTE;2001-02-03;26349.54375
N;NORTE;2001-02-04;2382.05416667
NE;NORDESTE;2001-02-04;5580.475
S;SUL;2001-02-04;5661.60416667
SE;SUDESTE;2001-02-04;23549.23
N;NORTE;2001-02-05;2547.68333333
NE;NORDESTE;2001-02-05;6355.1625
S;SUL;2001-02-05;7587.0125
SE;SUDESTE;2001-02-05;28560.14625
N;NORTE;2001-02-06;2587.03333333
NE;NORDESTE;2001-02-06;6464.22916667
S;SUL;2001-02-06;7926.16666667
SE;SUDESTE;2001-02-06;28903.58625
N;NORTE;2001-02-07;2581.04583333
NE;NORDESTE;2001-02-07;6451.1
S;SUL;2001-02-07;8058.24583333
SE;SUDESTE;2001-02-07;28871.29125
N;NORTE;2001-02-08;2585.29166667
NE;NORDESTE;2001-02-08;6519.1375
S;SUL;2001-02-08;8328.2875
SE;SUDESTE;2001-02-08;28993.26166667
N;NORTE;2001-02-09;2588.67083333
NE;NORDESTE;2001-02-09;6482.8625
S;SUL;2001-02-09;8282.85
SE;SUDESTE;2001-02-09;29063.99291667
N;NORTE;2001-02-10;2462.24166667
NE;NORDESTE;2001-02-10;6119.9125
S;SUL;2001-02-10;7221.50416667
SE;SUDESTE;2001-02-10;26252.18708333
N;NORTE;2001-02-11;2372.07916667
NE;NORDESTE;2001-02-11;5680.99166667
S;SUL;2001-02-11;6157.775
SE;SUDESTE;2001-02-11;23469.54458333
N;NORTE;2001-02-12;2561.15
NE;NORDESTE;2001-02-12;6422.00416667
S;SUL;2001-02-12;7894.05
SE;SUDESTE;2001-02-12;28755.7775
N;NORTE;2001-02-13;2581.79166667
NE;NORDESTE;2001-02-13;6491.86666667
S;SUL;2001-02-13;7936.19166667
SE;SUDESTE;2001-02-13;29218.97333333
N;NORTE;2001-02-14;2566.35
NE;NORDESTE;2001-02-14;6500.12083333
S;SUL;2001-02-14;7986.31666667
SE;SUDESTE;2001-02-14;29164.73416667
N;NORTE;2001-02-15;2563.49583333
NE;NORDESTE;2001-02-15;6565.33333333
S;SUL;2001-02-15;7912.7125
SE;SUDESTE;2001-02-15;29253.7
N;NORTE;2001-02-16;2572.83333333
NE;NORDESTE;2001-02-16;6563.22083333
S;SUL;2001-02-16;7884.1375
SE;SUDESTE;2001-02-16;29522.0825
N;NORTE;2001-02-17;2510.525
NE;NORDESTE;2001-02-17;6241.70416667
S;SUL;2001-02-17;6949.17083333
SE;SUDESTE;2001-02-17;26677.85583333
N;NORTE;2001-02-18;2364.6375
NE;NORDESTE;2001-02-18;5707.0
S;SUL;2001-02-18;5894.19166667
SE;SUDESTE;2001-02-18;23819.70833333
N;NORTE;2001-02-19;2552.29583333
NE;NORDESTE;2001-02-19;6467.0625
S;SUL;2001-02-19;7703.225
SE;SUDESTE;2001-02-19;28854.86958333
N;NORTE;2001-02-20;2562.4125
NE;NORDESTE;2001-02-20;6587.80833333
S;SUL;2001-02-20;7981.53333333
SE;SUDESTE;2001-02-20;29633.17875
N;NORTE;2001-02-21;2564.00833333
NE;NORDESTE;2001-02-21;6609.05833333
S;SUL;2001-02-21;8078.65416667
SE;SUDESTE;2001-02-21;29536.35125
N;NORTE;2001-02-22;2565.07916667
NE;NORDESTE;2001-02-22;6633.59583333
S;SUL;2001-02-22;8148.68333333
SE;SUDESTE;2001-02-22;29605.54041667
N;NORTE;2001-02-23;2557.88333333
NE;NORDESTE;2001-02-23;6561.9125
S;SUL;2001-02-23;8125.8625
SE;SUDESTE;2001-02-23;29443.52833333
N;NORTE;2001-02-24;2473.7
NE;NORDESTE;2001-02-24;6138.02083333
S;SUL;2001-02-24;7096.52916667
SE;SUDESTE;2001-02-24;26341.09166667
N;NORTE;2001-02-25;2363.44166667
NE;NORDESTE;2001-02-25;5569.2125
S;SUL;2001-02-25;5995.34166667
SE;SUDESTE;2001-02-25;23434.31291667
N;NORTE;2001-02-26;2422.77916667
NE;NORDESTE;2001-02-26;5591.34583333
S;SUL;2001-02-26;7158.53333333
SE;SUDESTE;2001-02-26;24897.85916667
N;NORTE;2001-02-27;2370.1625
NE;NORDESTE;2001-02-27;5567.65833333
S;SUL;2001-02-27;7006.50833333
SE;SUDESTE;2001-02-27;24485.52416667
N;NORTE;2001-02-28;2499.11666667
NE;NORDESTE;2001-02-28;5999.44583333
S;SUL;2001-02-28;7888.2625
SE;SUDESTE;2001-02-28;26971.10541667
N;NORTE;2001-03-01;2537.65833333
NE;NORDESTE;2001-03-01;6432.4125
S;SUL;2001-03-01;8205.55833333
SE;SUDESTE;2001-03-01;28448.43958333
N;NORTE;2001-03-02;2555.825
NE;NORDESTE;2001-03-02;6444.40416667
S;SUL;2001-03-02;8308.2875
SE;SUDESTE;2001-03-02;28499.28083333
N;NORTE;2001-03-03;2475.07083333
NE;NORDESTE;2001-03-03;6174.075
S;SUL;2001-03-03;7281.95416667
SE;SUDESTE;2001-03-03;26070.85625
N;NORTE;2001-03-04;2411.40416667
NE;NORDESTE;2001-03-04;5707.74166667
S;SUL;2001-03-04;6206.33333333
SE;SUDESTE;2001-03-04;23267.13
N;NORTE;2001-03-05;2571.7
NE;NORDESTE;2001-03-05;6478.94166667
S;SUL;2001-03-05;8198.82916667
SE;SUDESTE;2001-03-05;28200.94
N;NORTE;2001-03-06;2608.2875
NE;NORDESTE;2001-03-06;6620.07916667
S;SUL;2001-03-06;8425.67916667
SE;SUDESTE;2001-03-06;28521.79625
N;NORTE;2001-03-07;2442.04166667
NE;NORDESTE;2001-03-07;6685.1375
S;SUL;2001-03-07;8282.85833333
SE;SUDESTE;2001-03-07;29218.925
N;NORTE;2001-03-08;2568.76666667
NE;NORDESTE;2001-03-08;6589.44166667
S;SUL;2001-03-08;8285.86666667
SE;SUDESTE;2001-03-08;29354.20791667
N;NORTE;2001-03-09;2612.49166667
NE;NORDESTE;2001-03-09;6522.225
S;SUL;2001-03-09;8377.74166667
SE;SUDESTE;2001-03-09;28748.21458333
N;NORTE;2001-03-10;2470.025
NE;NORDESTE;2001-03-10;6139.91666667
S;SUL;2001-03-10;7305.65833333
SE;SUDESTE;2001-03-10;26028.24583333
N;NORTE;2001-03-11;2382.02083333
NE;NORDESTE;2001-03-11;5574.85416667
S;SUL;2001-03-11;6079.55416667
SE;SUDESTE;2001-03-11;23070.06708333
N;NORTE;2001-03-12;2535.96666667
NE;NORDESTE;2001-03-12;6263.96666667
S;SUL;2001-03-12;7943.9625
SE;SUDESTE;2001-03-12;27601.72
N;NORTE;2001-03-13;2514.4
NE;NORDESTE;2001-03-13;6293.5
S;SUL;2001-03-13;8360.34166667
SE;SUDESTE;2001-03-13;28637.075
N;NORTE;2001-03-14;2544.54166667
NE;NORDESTE;2001-03-14;6186.82916667
S;SUL;2001-03-14;8499.625
SE;SUDESTE;2001-03-14;29050.05708333
N;NORTE;2001-03-15;2550.15833333
NE;NORDESTE;2001-03-15;6132.3375
S;SUL;2001-03-15;8372.61666667
SE;SUDESTE;2001-03-15;29269.16083333
N;NORTE;2001-03-16;2555.68333333
NE;NORDESTE;2001-03-16;6152.225
S;SUL;2001-03-16;8240.54583333
SE;SUDESTE;2001-03-16;29312.77333333
N;NORTE;2001-03-17;2470.37083333
NE;NORDESTE;2001-03-17;5759.93333333
S;SUL;2001-03-17;7217.9625
SE;SUDESTE;2001-03-17;26652.74958333
N;NORTE;2001-03-18;2368.56666667
NE;NORDESTE;2001-03-18;5427.62083333
S;SUL;2001-03-18;5996.425
SE;SUDESTE;2001-03-18;23930.84208333
N;NORTE;2001-03-19;2549.92916667
NE;NORDESTE;2001-03-19;5975.80833333
S;SUL;2001-03-19;7827.74166667
SE;SUDESTE;2001-03-19;28530.73666667
N;NORTE;2001-03-20;2562.99583333
NE;NORDESTE;2001-03-20;6343.80416667
S;SUL;2001-03-20;8134.40833333
SE;SUDESTE;2001-03-20;29183.43541667
N;NORTE;2001-03-21;2581.3
NE;NORDESTE;2001-03-21;6289.25
S;SUL;2001-03-21;8320.7375
SE;SUDESTE;2001-03-21;29099.07875
N;NORTE;2001-03-22;2585.61666667
NE;NORDESTE;2001-03-22;6234.92083333
S;SUL;2001-03-22;8411.4375
SE;SUDESTE;2001-03-22;29483.22916667
N;NORTE;2001-03-23;2570.51666667
NE;NORDESTE;2001-03-23;6260.45
S;SUL;2001-03-23;8320.5625
SE;SUDESTE;2001-03-23;29754.89291667
N;NORTE;2001-03-24;2462.55
NE;NORDESTE;2001-03-24;5972.73333333
S;SUL;2001-03-24;7134.48333333
SE;SUDESTE;2001-03-24;27312.62125
N;NORTE;2001-03-25;2390.19583333
NE;NORDESTE;2001-03-25;5430.0
S;SUL;2001-03-25;5959.34583333
SE;SUDESTE;2001-03-25;24268.79416667
N;NORTE;2001-03-26;2569.78333333
NE;NORDESTE;2001-03-26;6215.5875
S;SUL;2001-03-26;7761.19583333
SE;SUDESTE;2001-03-26;28845.41708333
N;NORTE;2001-03-27;2579.41666667
NE;NORDESTE;2001-03-27;6458.12083333
S;SUL;2001-03-27;7833.14583333
SE;SUDESTE;2001-03-27;29521.58458333
N;NORTE;2001-03-28;2587.05416667
NE;NORDESTE;2001-03-28;6454.12916667
S;SUL;2001-03-28;7726.2625
SE;SUDESTE;2001-03-28;29343.25875
N;NORTE;2001-03-29;2587.67916667
NE;NORDESTE;2001-03-29;6322.80416667
S;SUL;2001-03-29;7841.45833333
SE;SUDESTE;2001-03-29;28700.66541667
N;NORTE;2001-03-30;2536.64166667
NE;NORDESTE;2001-03-30;6305.70833333
S;SUL;2001-03-30;7959.43333333
SE;SUDESTE;2001-03-30;28655.40625
N;NORTE;2001-03-31;2483.62916667
NE;NORDESTE;2001-03-31;5928.19583333
S;SUL;2001-03-31;7051.34166667
SE;SUDESTE;2001-03-31;25982.95125
N;NORTE;2001-04-01;2395.84583333
NE;NORDESTE;2001-04-01;5424.5125
S;SUL;2001-04-01;5769.03333333
SE;SUDESTE;2001-04-01;23279.35375
N;NORTE;2001-04-02;2544.34166667
NE;NORDESTE;2001-04-02;6120.05416667
S;SUL;2001-04-02;7521.75416667
SE;SUDESTE;2001-04-02;27936.24708333
N;NORTE;2001-04-03;2560.45833333
NE;NORDESTE;2001-04-03;6214.85416667
S;SUL;2001-04-03;7844.375
SE;SUDESTE;2001-04-03;28688.6025
N;NORTE;2001-04-04;2558.84166667
NE;NORDESTE;2001-04-04;6285.24166667
S;SUL;2001-04-04;7936.76666667
SE;SUDESTE;2001-04-04;28684.48333333
N;NORTE;2001-04-05;2562.24166667
NE;NORDESTE;2001-04-05;6316.19166667
S;SUL;2001-04-05;7951.0625
SE;SUDESTE;2001-04-05;28838.14708333
N;NORTE;2001-04-06;2587.0125
NE;NORDESTE;2001-04-06;6312.72083333
S;SUL;2001-04-06;7903.59166667
SE;SUDESTE;2001-04-06;29370.32416667
N;NORTE;2001-04-07;2505.5375
NE;NORDESTE;2001-04-07;5949.22083333
S;SUL;2001-04-07;6930.0875
SE;SUDESTE;2001-04-07;27019.00333333
N;NORTE;2001-04-08;2430.4
NE;NORDESTE;2001-04-08;5447.37083333
S;SUL;2001-04-08;5870.24583333
SE;SUDESTE;2001-04-08;23908.11916667
N;NORTE;2001-04-09;2582.4625
NE;NORDESTE;2001-04-09;6178.34583333
S;SUL;2001-04-09;7576.00833333
SE;SUDESTE;2001-04-09;28510.65083333
N;NORTE;2001-04-10;2601.975
NE;NORDESTE;2001-04-10;6306.82916667
S;SUL;2001-04-10;7819.21666667
SE;SUDESTE;2001-04-10;29397.74708333
N;NORTE;2001-04-11;2591.33333333
NE;NORDESTE;2001-04-11;6244.65833333
S;SUL;2001-04-11;7852.39166667
SE;SUDESTE;2001-04-11;29566.59208333
N;NORTE;2001-04-12;2550.60416667
NE;NORDESTE;2001-04-12;6022.71666667
S;SUL;2001-04-12;7796.57916667
SE;SUDESTE;2001-04-12;28684.02916667
N;NORTE;2001-04-13;2414.84583333
NE;NORDESTE;2001-04-13;5130.2625
S;SUL;2001-04-13;5699.94166667
SE;SUDESTE;2001-04-13;22876.10125
N;NORTE;2001-04-14;2486.78125
NE;NORDESTE;2001-04-14;5537.85833333
S;SUL;2001-04-14;6165.79166667
SE;SUDESTE;2001-04-14;23889.79666667
N;NORTE;2001-04-15;2429.42916667
NE;NORDESTE;2001-04-15;5275.92083333
S;SUL;2001-04-15;5493.7625
SE;SUDESTE;2001-04-15;22681.90375
N;NORTE;2001-04-16;2593.6525
NE;NORDESTE;2001-04-16;6043.32916667
S;SUL;2001-04-16;7474.35416667
SE;SUDESTE;2001-04-16;27404.80375
N;NORTE;2001-04-17;2603.6125
NE;NORDESTE;2001-04-17;6189.15416667
S;SUL;2001-04-17;7820.95416667
SE;SUDESTE;2001-04-17;28156.35
N;NORTE;2001-04-18;2595.04166667
NE;NORDESTE;2001-04-18;6227.62083333
S;SUL;2001-04-18;7841.10833333
SE;SUDESTE;2001-04-18;28091.96125
N;NORTE;2001-04-19;2609.55625
NE;NORDESTE;2001-04-19;6239.37916667
S;SUL;2001-04-19;7914.45
SE;SUDESTE;2001-04-19;28369.805
N;NORTE;2001-04-20;2572.92916667
NE;NORDESTE;2001-04-20;6271.10416667
S;SUL;2001-04-20;7776.87916667
SE;SUDESTE;2001-04-20;28672.97625
N;NORTE;2001-04-21;2461.04583333
NE;NORDESTE;2001-04-21;5681.69166667
S;SUL;2001-04-21;6299.75416667
SE;SUDESTE;2001-04-21;25810.81333333
N;NORTE;2001-04-22;2403.64166667
NE;NORDESTE;2001-04-22;5416.30833333
S;SUL;2001-04-22;5509.14583333
SE;SUDESTE;2001-04-22;23735.20416667
N;NORTE;2001-04-23;2591.98333333
NE;NORDESTE;2001-04-23;6191.04583333
S;SUL;2001-04-23;7450.1125
SE;SUDESTE;2001-04-23;28426.80541667
N;NORTE;2001-04-24;2617.95
NE;NORDESTE;2001-04-24;6182.29583333
S;SUL;2001-04-24;7668.55416667
SE;SUDESTE;2001-04-24;29367.90333333
N;NORTE;2001-04-25;2624.99833333
NE;NORDESTE;2001-04-25;6223.15833333
S;SUL;2001-04-25;7503.82916667
SE;SUDESTE;2001-04-25;29461.50125
N;NORTE;2001-04-26;2636.32916667
NE;NORDESTE;2001-04-26;6224.4875
S;SUL;2001-04-26;7787.50416667
SE;SUDESTE;2001-04-26;29269.71333333
N;NORTE;2001-04-27;2635.225
NE;NORDESTE;2001-04-27;6265.4875
S;SUL;2001-04-27;7816.58333333
SE;SUDESTE;2001-04-27;29098.12833333
N;NORTE;2001-04-28;2534.3125
NE;NORDESTE;2001-04-28;5867.3375
S;SUL;2001-04-28;7000.4625
SE;SUDESTE;2001-04-28;26652.90791667
N;NORTE;2001-04-29;2436.17083333
NE;NORDESTE;2001-04-29;5366.1
S;SUL;2001-04-29;5788.40833333
SE;SUDESTE;2001-04-29;23886.725
N;NORTE;2001-04-30;2581.87083333
NE;NORDESTE;2001-04-30;5973.55833333
S;SUL;2001-04-30;7043.34583333
SE;SUDESTE;2001-04-30;26682.25041667
N;NORTE;2001-05-01;2457.375
NE;NORDESTE;2001-05-01;5297.9125
S;SUL;2001-05-01;5841.65
SE;SUDESTE;2001-05-01;23714.80208333
N;NORTE;2001-05-02;2654.87916667
NE;NORDESTE;2001-05-02;6134.53333333
S;SUL;2001-05-02;7441.46666667
SE;SUDESTE;2001-05-02;28522.7225
N;NORTE;2001-05-03;2646.03333333
NE;NORDESTE;2001-05-03;6265.99166667
S;SUL;2001-05-03;7627.35833333
SE;SUDESTE;2001-05-03;29088.42666667
N;NORTE;2001-05-04;2664.60833333
NE;NORDESTE;2001-05-04;6204.4
S;SUL;2001-05-04;7436.40416667
SE;SUDESTE;2001-05-04;28646.65833333
N;NORTE;2001-05-05;2571.89583333
NE;NORDESTE;2001-05-05;5849.7625
S;SUL;2001-05-05;6325.3625
SE;SUDESTE;2001-05-05;25290.73083333
N;NORTE;2001-05-06;2454.19833333
NE;NORDESTE;2001-05-06;5464.0875
S;SUL;2001-05-06;5284.62916667
SE;SUDESTE;2001-05-06;21905.79625
N;NORTE;2001-05-07;2649.2875
NE;NORDESTE;2001-05-07;6201.08333333
S;SUL;2001-05-07;7068.80833333
SE;SUDESTE;2001-05-07;26128.65958333
N;NORTE;2001-05-08;2667.8125
NE;NORDESTE;2001-05-08;6395.36666667
S;SUL;2001-05-08;7420.2375
SE;SUDESTE;2001-05-08;26828.37541667
N;NORTE;2001-05-09;2652.83333333
NE;NORDESTE;2001-05-09;6432.125
S;SUL;2001-05-09;7354.61666667
SE;SUDESTE;2001-05-09;27288.57083333
N;NORTE;2001-05-10;2664.32583333
NE;NORDESTE;2001-05-10;6384.31666667
S;SUL;2001-05-10;7403.8125
SE;SUDESTE;2001-05-10;27605.35666667
N;NORTE;2001-05-11;2661.73666667
NE;NORDESTE;2001-05-11;6356.7
S;SUL;2001-05-11;7371.6125
SE;SUDESTE;2001-05-11;27601.07166667
N;NORTE;2001-05-12;2565.95416667
NE;NORDESTE;2001-05-12;6028.90833333
S;SUL;2001-05-12;6438.99583333
SE;SUDESTE;2001-05-12;25330.10875
N;NORTE;2001-05-13;2478.57083333
NE;NORDESTE;2001-05-13;5514.55833333
S;SUL;2001-05-13;5226.15833333
SE;SUDESTE;2001-05-13;22030.57958333
N;NORTE;2001-05-14;2638.35833333
NE;NORDESTE;2001-05-14;6193.3125
S;SUL;2001-05-14;6792.4875
SE;SUDESTE;2001-05-14;25891.86666667
N;NORTE;2001-05-15;2659.975
NE;NORDESTE;2001-05-15;6259.6375
S;SUL;2001-05-15;7188.39583333
SE;SUDESTE;2001-05-15;26394.65541667
N;NORTE;2001-05-16;2651.2375
NE;NORDESTE;2001-05-16;6240.12916667
S;SUL;2001-05-16;7290.86666667
SE;SUDESTE;2001-05-16;26599.56333333
N;NORTE;2001-05-17;2652.80416667
NE;NORDESTE;2001-05-17;6166.26666667
S;SUL;2001-05-17;7180.1
SE;SUDESTE;2001-05-17;26051.69375
N;NORTE;2001-05-18;2649.46666667
NE;NORDESTE;2001-05-18;6035.7
S;SUL;2001-05-18;7104.1625
SE;SUDESTE;2001-05-18;25264.58041667
N;NORTE;2001-05-19;2555.5875
NE;NORDESTE;2001-05-19;5767.96666667
S;SUL;2001-05-19;6219.7625
SE;SUDESTE;2001-05-19;23042.00958333
N;NORTE;2001-05-20;2466.5125
NE;NORDESTE;2001-05-20;5245.15
S;SUL;2001-05-20;5059.67083333
SE;SUDESTE;2001-05-20;20427.75458333
N;NORTE;2001-05-21;2625.40833333
NE;NORDESTE;2001-05-21;5729.29583333
S;SUL;2001-05-21;6820.0625
SE;SUDESTE;2001-05-21;24445.2075
N;NORTE;2001-05-22;2638.94166667
NE;NORDESTE;2001-05-22;5806.8125
S;SUL;2001-05-22;7025.025
SE;SUDESTE;2001-05-22;24998.33291667
N;NORTE;2001-05-23;2638.59583333
NE;NORDESTE;2001-05-23;5824.37083333
S;SUL;2001-05-23;7030.54166667
SE;SUDESTE;2001-05-23;24852.09875
N;NORTE;2001-05-24;2613.4875
NE;NORDESTE;2001-05-24;5805.19583333
S;SUL;2001-05-24;6980.77916667
SE;SUDESTE;2001-05-24;24522.09125
N;NORTE;2001-05-25;2618.29583333
NE;NORDESTE;2001-05-25;5742.225
S;SUL;2001-05-25;6994.125
SE;SUDESTE;2001-05-25;24456.92125
N;NORTE;2001-05-26;2535.24166667
NE;NORDESTE;2001-05-26;5512.90833333
S;SUL;2001-05-26;6212.1125
SE;SUDESTE;2001-05-26;22722.57375
N;NORTE;2001-05-27;2444.75
NE;NORDESTE;2001-05-27;5044.70416667
S;SUL;2001-05-27;5126.24166667
SE;SUDESTE;2001-05-27;20268.5775
N;NORTE;2001-05-28;2653.35833333
NE;NORDESTE;2001-05-28;5654.125
S;SUL;2001-05-28;6756.39166667
SE;SUDESTE;2001-05-28;23870.43041667
N;NORTE;2001-05-29;2674.56666667
NE;NORDESTE;2001-05-29;5703.63333333
S;SUL;2001-05-29;7010.45
SE;SUDESTE;2001-05-29;24313.08125
N;NORTE;2001-05-30;2662.6875
NE;NORDESTE;2001-05-30;5597.9375
S;SUL;2001-05-30;6954.44166667
SE;SUDESTE;2001-05-30;24391.73458333
N;NORTE;2001-05-31;2654.25
NE;NORDESTE;2001-05-31;5480.85
S;SUL;2001-05-31;7040.24583333
SE;SUDESTE;2001-05-31;24214.27333333
N;NORTE;2001-06-01;2626.33333333
NE;NORDESTE;2001-06-01;5024.37083333
S;SUL;2001-06-01;7107.77916667
SE;SUDESTE;2001-06-01;23186.02625
N;NORTE;2001-06-02;2555.48333333
NE;NORDESTE;2001-06-02;4704.30833333
S;SUL;2001-06-02;6165.36583333
SE;SUDESTE;2001-06-02;21116.71625
N;NORTE;2001-06-03;2448.06666667
NE;NORDESTE;2001-06-03;4339.6375
S;SUL;2001-06-03;5150.35
SE;SUDESTE;2001-06-03;18585.58791667
N;NORTE;2001-06-04;2580.28333333
NE;NORDESTE;2001-06-04;4797.87083333
S;SUL;2001-06-04;6778.22916667
SE;SUDESTE;2001-06-04;22100.60541667
N;NORTE;2001-06-05;2584.225
NE;NORDESTE;2001-06-05;4765.52916667
S;SUL;2001-06-05;6912.67083333
SE;SUDESTE;2001-06-05;22425.05375
N;NORTE;2001-06-06;2558.57916667
NE;NORDESTE;2001-06-06;4764.8
S;SUL;2001-06-06;6968.2
SE;SUDESTE;2001-06-06;22312.57208333
N;NORTE;2001-06-07;2588.95
NE;NORDESTE;2001-06-07;4770.9625
S;SUL;2001-06-07;6945.67083333
SE;SUDESTE;2001-06-07;22329.6325
N;NORTE;2001-06-08;2587.34
NE;NORDESTE;2001-06-08;4731.60833333
S;SUL;2001-06-08;6946.65833333
SE;SUDESTE;2001-06-08;22325.83083333
N;NORTE;2001-06-09;2501.40083333
NE;NORDESTE;2001-06-09;4592.8125
S;SUL;2001-06-09;6201.65833333
SE;SUDESTE;2001-06-09;20398.85375
N;NORTE;2001-06-10;2408.24333333
NE;NORDESTE;2001-06-10;4166.97916667
S;SUL;2001-06-10;5040.4875
SE;SUDESTE;2001-06-10;17945.7225
N;NORTE;2001-06-11;2578.87916667
NE;NORDESTE;2001-06-11;4603.7375
S;SUL;2001-06-11;6725.35
SE;SUDESTE;2001-06-11;21226.48458333
N;NORTE;2001-06-12;2567.025
NE;NORDESTE;2001-06-12;4664.7
S;SUL;2001-06-12;6978.10833333
SE;SUDESTE;2001-06-12;21816.35333333
N;NORTE;2001-06-13;2572.73333333
NE;NORDESTE;2001-06-13;4652.55416667
S;SUL;2001-06-13;7021.125
SE;SUDESTE;2001-06-13;21669.92125
N;NORTE;2001-06-14;2448.95416667
NE;NORDESTE;2001-06-14;4255.65833333
S;SUL;2001-06-14;5659.28333333
SE;SUDESTE;2001-06-14;18519.93916667
N;NORTE;2001-06-15;2456.10833333
NE;NORDESTE;2001-06-15;4547.425
S;SUL;2001-06-15;6524.52916667
SE;SUDESTE;2001-06-15;19763.30333333
N;NORTE;2001-06-16;2547.12916667
NE;NORDESTE;2001-06-16;4444.89166667
S;SUL;2001-06-16;5884.35833333
SE;SUDESTE;2001-06-16;19069.51916667
N;NORTE;2001-06-17;2460.66666667
NE;NORDESTE;2001-06-17;4060.65416667
S;SUL;2001-06-17;4819.42083333
SE;SUDESTE;2001-06-17;17488.65833333
N;NORTE;2001-06-18;2626.01666667
NE;NORDESTE;2001-06-18;4539.19166667
S;SUL;2001-06-18;6541.55
SE;SUDESTE;2001-06-18;21033.94208333
N;NORTE;2001-06-19;2645.35
NE;NORDESTE;2001-06-19;4699.65
S;SUL;2001-06-19;6870.95
SE;SUDESTE;2001-06-19;21400.67958333
N;NORTE;2001-06-20;2602.29166667
NE;NORDESTE;2001-06-20;4746.29583333
S;SUL;2001-06-20;6826.425
SE;SUDESTE;2001-06-20;21307.91916667
N;NORTE;2001-06-21;2639.77083333
NE;NORDESTE;2001-06-21;4712.85416667
S;SUL;2001-06-21;6762.19583333
SE;SUDESTE;2001-06-21;20882.43166667
N;NORTE;2001-06-22;2610.43333333
NE;NORDESTE;2001-06-22;4698.75833333
S;SUL;2001-06-22;6826.13333333
SE;SUDESTE;2001-06-22;20711.06333333
N;NORTE;2001-06-23;2527.84166667
NE;NORDESTE;2001-06-23;4360.53333333
S;SUL;2001-06-23;5981.3375
SE;SUDESTE;2001-06-23;19192.99125
N;NORTE;2001-06-24;2426.88333333
NE;NORDESTE;2001-06-24;4035.03333333
S;SUL;2001-06-24;4919.4125
SE;SUDESTE;2001-06-24;17062.31958333
N;NORTE;2001-06-25;2578.22916667
NE;NORDESTE;2001-06-25;4532.19166667
S;SUL;2001-06-25;6778.12916667
SE;SUDESTE;2001-06-25;20371.99458333
N;NORTE;2001-06-26;2618.18333333
NE;NORDESTE;2001-06-26;4576.225
S;SUL;2001-06-26;6855.38333333
SE;SUDESTE;2001-06-26;21017.19583333
N;NORTE;2001-06-27;2590.37083333
NE;NORDESTE;2001-06-27;4553.34166667
S;SUL;2001-06-27;6832.41666667
SE;SUDESTE;2001-06-27;20578.02
N;NORTE;2001-06-28;2518.74166667
NE;NORDESTE;2001-06-28;4484.87916667
S;SUL;2001-06-28;6803.26041667
SE;SUDESTE;2001-06-28;20503.18583333
N;NORTE;2001-06-29;2408.075
NE;NORDESTE;2001-06-29;4368.10833333
S;SUL;2001-06-29;6754.50416667
SE;SUDESTE;2001-06-29;20312.07083333
N;NORTE;2001-06-30;2317.97916667
NE;NORDESTE;2001-06-30;4207.60833333
S;SUL;2001-06-30;5944.79166667
SE;SUDESTE;2001-06-30;18730.11791667
N;NORTE;2001-07-01;2154.30416667
NE;NORDESTE;2001-07-01;3904.475
S;SUL;2001-07-01;4852.93333333
SE;SUDESTE;2001-07-01;16803.58166667
N;NORTE;2001-07-02;2302.63375
NE;NORDESTE;2001-07-02;4233.9625
S;SUL;2001-07-02;6565.80833333
SE;SUDESTE;2001-07-02;20182.90791667
N;NORTE;2001-07-03;2296.925
NE;NORDESTE;2001-07-03;4500.02916667
S;SUL;2001-07-03;6821.06666667
SE;SUDESTE;2001-07-03;20842.25
N;NORTE;2001-07-04;2296.33333333
NE;NORDESTE;2001-07-04;4566.15833333
S;SUL;2001-07-04;6888.07083333
SE;SUDESTE;2001-07-04;21174.16708333
N;NORTE;2001-07-05;2311.6875
NE;NORDESTE;2001-07-05;4559.84166667
S;SUL;2001-07-05;6897.025
SE;SUDESTE;2001-07-05;21212.90291667
N;NORTE;2001-07-06;2294.1875
NE;NORDESTE;2001-07-06;4605.84583333
S;SUL;2001-07-06;6866.9625
SE;SUDESTE;2001-07-06;21141.96708333
N;NORTE;2001-07-07;2195.83333333
NE;NORDESTE;2001-07-07;4397.05416667
S;SUL;2001-07-07;5916.29166667
SE;SUDESTE;2001-07-07;19275.97541667
N;NORTE;2001-07-08;2113.3
NE;NORDESTE;2001-07-08;4021.39583333
S;SUL;2001-07-08;4861.19583333
SE;SUDESTE;2001-07-08;16877.43166667
N;NORTE;2001-07-09;2254.58333333
NE;NORDESTE;2001-07-09;4520.55
S;SUL;2001-07-09;6682.15416667
SE;SUDESTE;2001-07-09;18161.65166667
N;NORTE;2001-07-10;2264.62083333
NE;NORDESTE;2001-07-10;4572.92083333
S;SUL;2001-07-10;6893.76666667
SE;SUDESTE;2001-07-10;20750.42708333
N;NORTE;2001-07-11;2282.0
NE;NORDESTE;2001-07-11;4618.05833333
S;SUL;2001-07-11;7016.37083333
SE;SUDESTE;2001-07-11;21200.13166667
N;NORTE;2001-07-12;2271.425
NE;NORDESTE;2001-07-12;4664.39166667
S;SUL;2001-07-12;6714.68333333
SE;SUDESTE;2001-07-12;21115.88875
N;NORTE;2001-07-13;2271.34583333
NE;NORDESTE;2001-07-13;4683.66666667
S;SUL;2001-07-13;6704.17916667
SE;SUDESTE;2001-07-13;20652.55958333
N;NORTE;2001-07-14;2152.66666667
NE;NORDESTE;2001-07-14;4444.37916667
S;SUL;2001-07-14;5865.4875
SE;SUDESTE;2001-07-14;18862.51541667
N;NORTE;2001-07-15;2068.20833333
NE;NORDESTE;2001-07-15;4061.3125
S;SUL;2001-07-15;4767.05833333
SE;SUDESTE;2001-07-15;16721.15875
N;NORTE;2001-07-16;2224.3375
NE;NORDESTE;2001-07-16;4443.02916667
S;SUL;2001-07-16;6640.59166667
SE;SUDESTE;2001-07-16;19949.9225
N;NORTE;2001-07-17;2253.69583333
NE;NORDESTE;2001-07-17;4659.29583333
S;SUL;2001-07-17;6975.52083333
SE;SUDESTE;2001-07-17;20825.12708333
N;NORTE;2001-07-18;2258.62083333
NE;NORDESTE;2001-07-18;4704.77083333
S;SUL;2001-07-18;7062.27916667
SE;SUDESTE;2001-07-18;21022.74541667
N;NORTE;2001-07-19;2256.59583333
NE;NORDESTE;2001-07-19;4634.69583333
S;SUL;2001-07-19;7011.725
SE;SUDESTE;2001-07-19;21363.59791667
N;NORTE;2001-07-20;2239.67916667
NE;NORDESTE;2001-07-20;4614.70416667
S;SUL;2001-07-20;7008.375
SE;SUDESTE;2001-07-20;21324.39333333
N;NORTE;2001-07-21;2141.87083333
NE;NORDESTE;2001-07-21;4461.675
S;SUL;2001-07-21;6101.35416667
SE;SUDESTE;2001-07-21;19781.5225
N;NORTE;2001-07-22;2061.47916667
NE;NORDESTE;2001-07-22;4082.93333333
S;SUL;2001-07-22;4843.10833333
SE;SUDESTE;2001-07-22;17198.78458333
N;NORTE;2001-07-23;2207.86666667
NE;NORDESTE;2001-07-23;4630.72083333
S;SUL;2001-07-23;6570.49583333
SE;SUDESTE;2001-07-23;20166.48083333
N;NORTE;2001-07-24;2245.22916667
NE;NORDESTE;2001-07-24;4644.875
S;SUL;2001-07-24;6930.75
SE;SUDESTE;2001-07-24;20857.7225
N;NORTE;2001-07-25;2202.775
NE;NORDESTE;2001-07-25;4640.525
S;SUL;2001-07-25;6975.725
SE;SUDESTE;2001-07-25;20938.22666667
N;NORTE;2001-07-26;2214.24166667
NE;NORDESTE;2001-07-26;4591.3625
S;SUL;2001-07-26;7014.14583333
SE;SUDESTE;2001-07-26;21031.94375
N;NORTE;2001-07-27;2240.7
NE;NORDESTE;2001-07-27;4592.4875
S;SUL;2001-07-27;6950.40833333
SE;SUDESTE;2001-07-27;20873.42791667
N;NORTE;2001-07-28;2211.5625
NE;NORDESTE;2001-07-28;4363.25
S;SUL;2001-07-28;5810.51666667
SE;SUDESTE;2001-07-28;18600.90375
N;NORTE;2001-07-29;2057.3875
NE;NORDESTE;2001-07-29;4049.70416667
S;SUL;2001-07-29;4753.9875
SE;SUDESTE;2001-07-29;16293.29916667
N;NORTE;2001-07-30;2215.2
NE;NORDESTE;2001-07-30;4523.83333333
S;SUL;2001-07-30;6540.38333333
SE;SUDESTE;2001-07-30;19706.0925
N;NORTE;2001-07-31;2277.68333333
NE;NORDESTE;2001-07-31;4648.47916667
S;SUL;2001-07-31;6876.61666667
SE;SUDESTE;2001-07-31;20515.56708333
N;NORTE;2001-08-01;2273.1875
NE;NORDESTE;2001-08-01;4652.125
S;SUL;2001-08-01;6989.68333333
SE;SUDESTE;2001-08-01;20750.80375
N;NORTE;2001-08-02;2252.41666667
NE;NORDESTE;2001-08-02;4640.94166667
S;SUL;2001-08-02;7038.225
SE;SUDESTE;2001-08-02;20873.77166667
N;NORTE;2001-08-03;2259.38333333
NE;NORDESTE;2001-08-03;4598.4875
S;SUL;2001-08-03;6943.17916667
SE;SUDESTE;2001-08-03;21020.9225
N;NORTE;2001-08-04;2161.44583333
NE;NORDESTE;2001-08-04;4391.1375
S;SUL;2001-08-04;6151.0875
SE;SUDESTE;2001-08-04;19353.45083333
N;NORTE;2001-08-05;2099.14166667
NE;NORDESTE;2001-08-05;4046.11666667
S;SUL;2001-08-05;4999.85416667
SE;SUDESTE;2001-08-05;17166.56416667
N;NORTE;2001-08-06;2158.35416667
NE;NORDESTE;2001-08-06;4493.09583333
S;SUL;2001-08-06;6741.48333333
SE;SUDESTE;2001-08-06;20278.37041667
N;NORTE;2001-08-07;2270.255
NE;NORDESTE;2001-08-07;4589.975
S;SUL;2001-08-07;6974.51666667
SE;SUDESTE;2001-08-07;21002.55
N;NORTE;2001-08-08;2265.90916667
NE;NORDESTE;2001-08-08;4587.3125
S;SUL;2001-08-08;7057.125
SE;SUDESTE;2001-08-08;20863.65458333
N;NORTE;2001-08-09;2239.34166667
NE;NORDESTE;2001-08-09;4688.675
S;SUL;2001-08-09;7035.07083333
SE;SUDESTE;2001-08-09;21146.81208333
N;NORTE;2001-08-10;2237.5375
NE;NORDESTE;2001-08-10;4738.58333333
S;SUL;2001-08-10;7060.62916667
SE;SUDESTE;2001-08-10;21104.9175
N;NORTE;2001-08-11;2147.35833333
NE;NORDESTE;2001-08-11;4542.08333333
S;SUL;2001-08-11;6191.59583333
SE;SUDESTE;2001-08-11;19387.21083333
N;NORTE;2001-08-12;2054.45
NE;NORDESTE;2001-08-12;4150.72916667
S;SUL;2001-08-12;5020.54166667
SE;SUDESTE;2001-08-12;17079.83708333
N;NORTE;2001-08-13;2190.33333333
NE;NORDESTE;2001-08-13;4602.98333333
S;SUL;2001-08-13;6792.40833333
SE;SUDESTE;2001-08-13;20431.40666667
N;NORTE;2001-08-14;2187.04166667
NE;NORDESTE;2001-08-14;4710.87916667
S;SUL;2001-08-14;7094.1875
SE;SUDESTE;2001-08-14;21002.30208333
N;NORTE;2001-08-15;2116.27916667
NE;NORDESTE;2001-08-15;4706.1375
S;SUL;2001-08-15;7141.35
SE;SUDESTE;2001-08-15;20852.04041667
N;NORTE;2001-08-16;2168.5625
NE;NORDESTE;2001-08-16;4612.12916667
S;SUL;2001-08-16;7201.27916667
SE;SUDESTE;2001-08-16;21088.1975
N;NORTE;2001-08-17;2136.3125
NE;NORDESTE;2001-08-17;4670.925
S;SUL;2001-08-17;7189.9875
SE;SUDESTE;2001-08-17;21170.10791667
N;NORTE;2001-08-18;2073.74166667
NE;NORDESTE;2001-08-18;4555.84166667
S;SUL;2001-08-18;6362.15
SE;SUDESTE;2001-08-18;19531.44875
N;NORTE;2001-08-19;1992.2375
NE;NORDESTE;2001-08-19;4175.10416667
S;SUL;2001-08-19;5150.58333333
SE;SUDESTE;2001-08-19;17491.69958333
N;NORTE;2001-08-20;2155.3375
NE;NORDESTE;2001-08-20;4612.37916667
S;SUL;2001-08-20;6816.6875
SE;SUDESTE;2001-08-20;20622.96916667
N;NORTE;2001-08-21;2143.25833333
NE;NORDESTE;2001-08-21;4770.15
S;SUL;2001-08-21;6989.98333333
SE;SUDESTE;2001-08-21;21383.64541667
N;NORTE;2001-08-22;2130.75
NE;NORDESTE;2001-08-22;4812.73333333
S;SUL;2001-08-22;6938.5875
SE;SUDESTE;2001-08-22;21387.25041667
N;NORTE;2001-08-23;2133.4625
NE;NORDESTE;2001-08-23;4794.35416667
S;SUL;2001-08-23;7006.86666667
SE;SUDESTE;2001-08-23;21351.18166667
N;NORTE;2001-08-24;2144.32083333
NE;NORDESTE;2001-08-24;4804.8875
S;SUL;2001-08-24;7036.925
SE;SUDESTE;2001-08-24;21317.8525
N;NORTE;2001-08-25;2051.41666667
NE;NORDESTE;2001-08-25;4599.06666667
S;SUL;2001-08-25;6201.075
SE;SUDESTE;2001-08-25;19638.55708333
N;NORTE;2001-08-26;1960.80416667
NE;NORDESTE;2001-08-26;4166.72916667
S;SUL;2001-08-26;5161.0
SE;SUDESTE;2001-08-26;17485.4825
N;NORTE;2001-08-27;2119.15416667
NE;NORDESTE;2001-08-27;4647.975
S;SUL;2001-08-27;6889.8125
SE;SUDESTE;2001-08-27;20991.67541667
N;NORTE;2001-08-28;2152.3125
NE;NORDESTE;2001-08-28;4754.95
S;SUL;2001-08-28;7044.9
SE;SUDESTE;2001-08-28;21675.59791667
N;NORTE;2001-08-29;2145.1
NE;NORDESTE;2001-08-29;4765.22916667
S;SUL;2001-08-29;7024.66666667
SE;SUDESTE;2001-08-29;21704.7925
N;NORTE;2001-08-30;2135.74583333
NE;NORDESTE;2001-08-30;4810.42916667
S;SUL;2001-08-30;7206.7625
SE;SUDESTE;2001-08-30;21524.4975
N;NORTE;2001-08-31;2114.85833333
NE;NORDESTE;2001-08-31;4787.87916667
S;SUL;2001-08-31;7251.02083333
SE;SUDESTE;2001-08-31;21574.2725
N;NORTE;2001-09-01;2044.59583333
NE;NORDESTE;2001-09-01;4601.35833333
S;SUL;2001-09-01;6336.82916667
SE;SUDESTE;2001-09-01;20012.42791667
N;NORTE;2001-09-02;1960.73333333
NE;NORDESTE;2001-09-02;4195.57083333
S;SUL;2001-09-02;5185.675
SE;SUDESTE;2001-09-02;17858.61583333
N;NORTE;2001-09-03;2131.79666667
NE;NORDESTE;2001-09-03;4667.47916667
S;SUL;2001-09-03;7009.85833333
SE;SUDESTE;2001-09-03;21410.11041667
N;NORTE;2001-09-04;2125.475
NE;NORDESTE;2001-09-04;4825.75833333
S;SUL;2001-09-04;7200.27083333
SE;SUDESTE;2001-09-04;22213.02333333
N;NORTE;2001-09-05;2109.675
NE;NORDESTE;2001-09-05;4828.97083333
S;SUL;2001-09-05;7119.42916667
SE;SUDESTE;2001-09-05;22337.45583333
N;NORTE;2001-09-06;2094.79166667
NE;NORDESTE;2001-09-06;4830.92916667
S;SUL;2001-09-06;7007.94583333
SE;SUDESTE;2001-09-06;22096.93916667
N;NORTE;2001-09-07;1968.97083333
NE;NORDESTE;2001-09-07;4335.4625
S;SUL;2001-09-07;5496.02083333
SE;SUDESTE;2001-09-07;18716.32666667
N;NORTE;2001-09-08;1980.78333333
NE;NORDESTE;2001-09-08;4433.3625
S;SUL;2001-09-08;5650.75
SE;SUDESTE;2001-09-08;18593.36791667
N;NORTE;2001-09-09;1933.20833333
NE;NORDESTE;2001-09-09;4223.37916667
S;SUL;2001-09-09;5046.89166667
SE;SUDESTE;2001-09-09;17603.52166667
N;NORTE;2001-09-10;2111.74583333
NE;NORDESTE;2001-09-10;4789.30416667
S;SUL;2001-09-10;6917.275
SE;SUDESTE;2001-09-10;21436.23041667
N;NORTE;2001-09-11;2127.55
NE;NORDESTE;2001-09-11;4959.09166667
S;SUL;2001-09-11;6927.3375
SE;SUDESTE;2001-09-11;22368.8775
N;NORTE;2001-09-12;2121.14583333
NE;NORDESTE;2001-09-12;4996.73333333
S;SUL;2001-09-12;6890.5625
SE;SUDESTE;2001-09-12;21934.72166667
N;NORTE;2001-09-13;2096.08333333
NE;NORDESTE;2001-09-13;4993.12916667
S;SUL;2001-09-13;7112.275
SE;SUDESTE;2001-09-13;22200.05916667
N;NORTE;2001-09-14;2063.69166667
NE;NORDESTE;2001-09-14;4967.95
S;SUL;2001-09-14;7005.57916667
SE;SUDESTE;2001-09-14;22284.88708333
N;NORTE;2001-09-15;2009.9875
NE;NORDESTE;2001-09-15;4794.325
S;SUL;2001-09-15;6054.37083333
SE;SUDESTE;2001-09-15;20063.71958333
N;NORTE;2001-09-16;1936.82083333
NE;NORDESTE;2001-09-16;4403.27916667
S;SUL;2001-09-16;4746.775
SE;SUDESTE;2001-09-16;17391.48875
N;NORTE;2001-09-17;2099.5125
NE;NORDESTE;2001-09-17;4933.57916667
S;SUL;2001-09-17;6456.75
SE;SUDESTE;2001-09-17;20111.83875
N;NORTE;2001-09-18;2099.64166667
NE;NORDESTE;2001-09-18;4973.71541667
S;SUL;2001-09-18;6806.5375
SE;SUDESTE;2001-09-18;20921.78875
N;NORTE;2001-09-19;2106.7125
NE;NORDESTE;2001-09-19;4917.77833333
S;SUL;2001-09-19;6947.80416667
SE;SUDESTE;2001-09-19;21248.84625
N;NORTE;2001-09-20;2122.7125
NE;NORDESTE;2001-09-20;4944.41875
S;SUL;2001-09-20;6763.77083333
SE;SUDESTE;2001-09-20;21559.21
N;NORTE;2001-09-21;2119.47916667
NE;NORDESTE;2001-09-21;4951.88875
S;SUL;2001-09-21;6840.04583333
SE;SUDESTE;2001-09-21;21885.99666667
N;NORTE;2001-09-22;2014.44583333
NE;NORDESTE;2001-09-22;4729.57208333
S;SUL;2001-09-22;6154.075
SE;SUDESTE;2001-09-22;20128.84291667
N;NORTE;2001-09-23;1943.82916667
NE;NORDESTE;2001-09-23;4327.1125
S;SUL;2001-09-23;5007.79166667
SE;SUDESTE;2001-09-23;17916.93708333
N;NORTE;2001-09-24;2110.97916667
NE;NORDESTE;2001-09-24;4866.21666667
S;SUL;2001-09-24;6856.20833333
SE;SUDESTE;2001-09-24;21385.80666667
N;NORTE;2001-09-25;2114.6875
NE;NORDESTE;2001-09-25;4974.57083333
S;SUL;2001-09-25;7084.00416667
SE;SUDESTE;2001-09-25;22283.78291667
N;NORTE;2001-09-26;2128.4
NE;NORDESTE;2001-09-26;4960.98125
S;SUL;2001-09-26;6992.18333333
SE;SUDESTE;2001-09-26;22302.62958333
N;NORTE;2001-09-27;2143.41666667
NE;NORDESTE;2001-09-27;4973.77916667
S;SUL;2001-09-27;6968.83333333
SE;SUDESTE;2001-09-27;22119.82875
N;NORTE;2001-09-28;2141.075
NE;NORDESTE;2001-09-28;5011.64583333
S;SUL;2001-09-28;7059.54166667
SE;SUDESTE;2001-09-28;21712.20375
N;NORTE;2001-09-29;2053.86666667
NE;NORDESTE;2001-09-29;4793.10833333
S;SUL;2001-09-29;6159.72083333
SE;SUDESTE;2001-09-29;19816.84541667
N;NORTE;2001-09-30;1946.2625
NE;NORDESTE;2001-09-30;4388.39166667
S;SUL;2001-09-30;5118.49166667
SE;SUDESTE;2001-09-30;17488.87833333
N;NORTE;2001-10-01;2126.42916667
NE;NORDESTE;2001-10-01;4932.7
S;SUL;2001-10-01;6680.42916667
SE;SUDESTE;2001-10-01;21240.20666667
N;NORTE;2001-10-02;2123.91666667
NE;NORDESTE;2001-10-02;5117.87916667
S;SUL;2001-10-02;6822.51666667
SE;SUDESTE;2001-10-02;21875.45958333
N;NORTE;2001-10-03;2129.325
NE;NORDESTE;2001-10-03;5163.575
S;SUL;2001-10-03;6803.33333333
SE;SUDESTE;2001-10-03;21724.90708333
N;NORTE;2001-10-04;2129.84583333
NE;NORDESTE;2001-10-04;5196.24583333
S;SUL;2001-10-04;6897.49166667
SE;SUDESTE;2001-10-04;22020.54583333
N;NORTE;2001-10-05;2131.71666667
NE;NORDESTE;2001-10-05;5210.85833333
S;SUL;2001-10-05;6955.85833333
SE;SUDESTE;2001-10-05;21942.46375
N;NORTE;2001-10-06;2019.54166667
NE;NORDESTE;2001-10-06;5019.34041667
S;SUL;2001-10-06;6226.47916667
SE;SUDESTE;2001-10-06;20252.57958333
N;NORTE;2001-10-07;1970.00833333
NE;NORDESTE;2001-10-07;4610.21625
S;SUL;2001-10-07;5123.71666667
SE;SUDESTE;2001-10-07;18089.96916667
N;NORTE;2001-10-08;2131.67916667
NE;NORDESTE;2001-10-08;5091.57833333
S;SUL;2001-10-08;6708.00541667
SE;SUDESTE;2001-10-08;21247.02541667
N;NORTE;2001-10-09;2149.99166667
NE;NORDESTE;2001-10-09;5115.7025
S;SUL;2001-10-09;6995.00416667
SE;SUDESTE;2001-10-09;21491.82625
N;NORTE;2001-10-10;2148.9125
NE;NORDESTE;2001-10-10;5139.74958333
S;SUL;2001-10-10;7013.04166667
SE;SUDESTE;2001-10-10;21932.70291667
N;NORTE;2001-10-11;2144.37916667
NE;NORDESTE;2001-10-11;5052.62791667
S;SUL;2001-10-11;7093.1
SE;SUDESTE;2001-10-11;22018.95833333
N;NORTE;2001-10-12;2037.575
NE;NORDESTE;2001-10-12;4523.43291667
S;SUL;2001-10-12;5657.3375
SE;SUDESTE;2001-10-12;18573.67645833
N;NORTE;2001-10-13;2039.35
NE;NORDESTE;2001-10-13;4598.28291667
S;SUL;2001-10-13;5845.82916667
SE;SUDESTE;2001-10-13;18824.38583333
N;NORTE;2001-10-14;1869.00833333
NE;NORDESTE;2001-10-14;4126.52291667
S;SUL;2001-10-14;4928.46666667
SE;SUDESTE;2001-10-14;16881.457625
N;NORTE;2001-10-15;2080.575
NE;NORDESTE;2001-10-15;4766.66916667
S;SUL;2001-10-15;6843.34166667
SE;SUDESTE;2001-10-15;20817.032125
N;NORTE;2001-10-16;2105.91666667
NE;NORDESTE;2001-10-16;4977.29541667
S;SUL;2001-10-16;7153.00416667
SE;SUDESTE;2001-10-16;21771.73708333
N;NORTE;2001-10-17;2121.25833333
NE;NORDESTE;2001-10-17;4974.2225
S;SUL;2001-10-17;7139.69166667
SE;SUDESTE;2001-10-17;21909.41
N;NORTE;2001-10-18;2146.19166667
NE;NORDESTE;2001-10-18;5040.74625
S;SUL;2001-10-18;7144.89583333
SE;SUDESTE;2001-10-18;22027.8325
N;NORTE;2001-10-19;2146.15
NE;NORDESTE;2001-10-19;5057.87916667
S;SUL;2001-10-19;7149.475
SE;SUDESTE;2001-10-19;22169.72291667
N;NORTE;2001-10-20;2061.07916667
NE;NORDESTE;2001-10-20;4883.76
S;SUL;2001-10-20;6300.14166667
SE;SUDESTE;2001-10-20;20165.5625
N;NORTE;2001-10-21;1973.12208333
NE;NORDESTE;2001-10-21;4430.35125
S;SUL;2001-10-21;5075.55416667
SE;SUDESTE;2001-10-21;17801.31166667
N;NORTE;2001-10-22;2127.34583333
NE;NORDESTE;2001-10-22;4309.84416667
S;SUL;2001-10-22;6657.56666667
SE;SUDESTE;2001-10-22;20890.38916667
N;NORTE;2001-10-23;2164.325
NE;NORDESTE;2001-10-23;5082.65916667
S;SUL;2001-10-23;6812.05833333
SE;SUDESTE;2001-10-23;21501.29416667
N;NORTE;2001-10-24;2164.87916667
NE;NORDESTE;2001-10-24;5101.3925
S;SUL;2001-10-24;6978.84166667
SE;SUDESTE;2001-10-24;21787.70375
N;NORTE;2001-10-25;2128.975
NE;NORDESTE;2001-10-25;5024.28125
S;SUL;2001-10-25;7175.6875
SE;SUDESTE;2001-10-25;22024.97041667
N;NORTE;2001-10-26;2106.0875
NE;NORDESTE;2001-10-26;4978.97291667
S;SUL;2001-10-26;7286.74166667
SE;SUDESTE;2001-10-26;22143.95041667
N;NORTE;2001-10-27;2040.57083333
NE;NORDESTE;2001-10-27;4713.59291667
S;SUL;2001-10-27;6480.1125
SE;SUDESTE;2001-10-27;20292.3175
N;NORTE;2001-10-28;1988.24166667
NE;NORDESTE;2001-10-28;4301.0775
S;SUL;2001-10-28;5355.64583333
SE;SUDESTE;2001-10-28;18311.42041667
N;NORTE;2001-10-29;2105.975
NE;NORDESTE;2001-10-29;4898.04041667
S;SUL;2001-10-29;7135.29583333
SE;SUDESTE;2001-10-29;22154.29708333
N;NORTE;2001-10-30;2155.57916667
NE;NORDESTE;2001-10-30;5041.06
S;SUL;2001-10-30;7342.98333333
SE;SUDESTE;2001-10-30;22829.53958333
N;NORTE;2001-10-31;2181.3875
NE;NORDESTE;2001-10-31;5065.20416667
S;SUL;2001-10-31;7303.32083333
SE;SUDESTE;2001-10-31;22807.19375
N;NORTE;2001-11-01;2134.47916667
NE;NORDESTE;2001-11-01;5043.32875
S;SUL;2001-11-01;7148.2375
SE;SUDESTE;2001-11-01;22346.64125
N;NORTE;2001-11-02;1999.9125
NE;NORDESTE;2001-11-02;4588.735
S;SUL;2001-11-02;5559.875
SE;SUDESTE;2001-11-02;19131.295
N;NORTE;2001-11-03;2035.225
NE;NORDESTE;2001-11-03;4758.45708333
S;SUL;2001-11-03;5545.875
SE;SUDESTE;2001-11-03;18849.98625
N;NORTE;2001-11-04;1973.80416667
NE;NORDESTE;2001-11-04;4420.42833333
S;SUL;2001-11-04;4890.01666667
SE;SUDESTE;2001-11-04;17403.03125
N;NORTE;2001-11-05;2129.45
NE;NORDESTE;2001-11-05;5008.51625
S;SUL;2001-11-05;6923.0125
SE;SUDESTE;2001-11-05;20732.2775
N;NORTE;2001-11-06;2152.93375
NE;NORDESTE;2001-11-06;5213.24958333
S;SUL;2001-11-06;7438.22833333
SE;SUDESTE;2001-11-06;21823.9675
N;NORTE;2001-11-07;2151.95833333
NE;NORDESTE;2001-11-07;5176.1475
S;SUL;2001-11-07;7494.59583333
SE;SUDESTE;2001-11-07;22427.44666667
N;NORTE;2001-11-08;2131.26666667
NE;NORDESTE;2001-11-08;5113.11125
S;SUL;2001-11-08;7311.32916667
SE;SUDESTE;2001-11-08;22846.81875
N;NORTE;2001-11-09;2131.475
NE;NORDESTE;2001-11-09;5129.3825
S;SUL;2001-11-09;7294.0
SE;SUDESTE;2001-11-09;22882.16666667
N;NORTE;2001-11-10;2077.0125
NE;NORDESTE;2001-11-10;4874.45416667
S;SUL;2001-11-10;6549.34583333
SE;SUDESTE;2001-11-10;21123.09166667
N;NORTE;2001-11-11;1977.81666667
NE;NORDESTE;2001-11-11;4413.66666667
S;SUL;2001-11-11;5210.9
SE;SUDESTE;2001-11-11;19002.99791667
N;NORTE;2001-11-12;2131.63208333
NE;NORDESTE;2001-11-12;5058.925
S;SUL;2001-11-12;6942.1875
SE;SUDESTE;2001-11-12;22251.72666667
N;NORTE;2001-11-13;2133.9875
NE;NORDESTE;2001-11-13;5170.77708333
S;SUL;2001-11-13;7179.4375
SE;SUDESTE;2001-11-13;22323.51333333
N;NORTE;2001-11-14;2138.57916667
NE;NORDESTE;2001-11-14;5344.76
S;SUL;2001-11-14;7210.41666667
SE;SUDESTE;2001-11-14;22413.05458333
N;NORTE;2001-11-15;2027.17083333
NE;NORDESTE;2001-11-15;4807.885
S;SUL;2001-11-15;6047.725
SE;SUDESTE;2001-11-15;19848.33625
N;NORTE;2001-11-16;2092.87916667
NE;NORDESTE;2001-11-16;4762.40583333
S;SUL;2001-11-16;6646.98333333
SE;SUDESTE;2001-11-16;21046.24875
N;NORTE;2001-11-17;2045.02916667
NE;NORDESTE;2001-11-17;4879.235
S;SUL;2001-11-17;5968.22916667
SE;SUDESTE;2001-11-17;19816.0125
N;NORTE;2001-11-18;1969.44166667
NE;NORDESTE;2001-11-18;4492.49333333
S;SUL;2001-11-18;5094.25416667
SE;SUDESTE;2001-11-18;17914.9275
N;NORTE;2001-11-19;2073.49583333
NE;NORDESTE;2001-11-19;5029.53916667
S;SUL;2001-11-19;7085.0875
SE;SUDESTE;2001-11-19;21541.78208333
N;NORTE;2001-11-20;2063.39166667
NE;NORDESTE;2001-11-20;5123.83125
S;SUL;2001-11-20;7383.88333333
SE;SUDESTE;2001-11-20;22347.24375
N;NORTE;2001-11-21;2066.85833333
NE;NORDESTE;2001-11-21;5099.20583333
S;SUL;2001-11-21;7659.09166667
SE;SUDESTE;2001-11-21;22807.07541667
N;NORTE;2001-11-22;2054.75833333
NE;NORDESTE;2001-11-22;5195.07541667
S;SUL;2001-11-22;7644.02916667
SE;SUDESTE;2001-11-22;22998.06291667
N;NORTE;2001-11-23;2040.08333333
NE;NORDESTE;2001-11-23;5197.95125
S;SUL;2001-11-23;7730.67916667
SE;SUDESTE;2001-11-23;23379.86833333
N;NORTE;2001-11-24;1985.6375
NE;NORDESTE;2001-11-24;4953.525
S;SUL;2001-11-24;6778.89166667
SE;SUDESTE;2001-11-24;21335.44458333
N;NORTE;2001-11-25;1919.70416667
NE;NORDESTE;2001-11-25;4529.81666667
S;SUL;2001-11-25;5441.66583333
SE;SUDESTE;2001-11-25;19257.52833333
N;NORTE;2001-11-26;2024.625
NE;NORDESTE;2001-11-26;4816.80458333
S;SUL;2001-11-26;7232.99166667
SE;SUDESTE;2001-11-26;22880.10125
N;NORTE;2001-11-27;2030.59166667
NE;NORDESTE;2001-11-27;5095.34958333
S;SUL;2001-11-27;7414.04583333
SE;SUDESTE;2001-11-27;23794.26833333
N;NORTE;2001-11-28;2048.85833333
NE;NORDESTE;2001-11-28;5150.20916667
S;SUL;2001-11-28;7360.57916667
SE;SUDESTE;2001-11-28;23874.22791667
N;NORTE;2001-11-29;2015.1375
NE;NORDESTE;2001-11-29;5223.3425
S;SUL;2001-11-29;7272.7125
SE;SUDESTE;2001-11-29;23607.75458333
N;NORTE;2001-11-30;2007.025
NE;NORDESTE;2001-11-30;5162.01708333
S;SUL;2001-11-30;7138.78333333
SE;SUDESTE;2001-11-30;23113.85583333
N;NORTE;2001-12-01;1951.50416667
NE;NORDESTE;2001-12-01;4978.67666667
S;SUL;2001-12-01;6171.04375
SE;SUDESTE;2001-12-01;20910.30458333
N;NORTE;2001-12-02;1852.02083333
NE;NORDESTE;2001-12-02;4586.03875
S;SUL;2001-12-02;5245.90833333
SE;SUDESTE;2001-12-02;18134.60125
N;NORTE;2001-12-03;1997.125
NE;NORDESTE;2001-12-03;5079.68541667
S;SUL;2001-12-03;7052.35
SE;SUDESTE;2001-12-03;21823.41666667
N;NORTE;2001-12-04;1978.05833333
NE;NORDESTE;2001-12-04;5177.0925
S;SUL;2001-12-04;7258.8875
SE;SUDESTE;2001-12-04;22927.08791667
N;NORTE;2001-12-05;2007.97083333
NE;NORDESTE;2001-12-05;5191.3625
S;SUL;2001-12-05;7231.81666667
SE;SUDESTE;2001-12-05;23373.59791667
N;NORTE;2001-12-06;1998.3125
NE;NORDESTE;2001-12-06;5242.67833333
S;SUL;2001-12-06;7289.79583333
SE;SUDESTE;2001-12-06;23805.98041667
N;NORTE;2001-12-07;2031.17916667
NE;NORDESTE;2001-12-07;5220.99833333
S;SUL;2001-12-07;7493.93333333
SE;SUDESTE;2001-12-07;23813.50541667
N;NORTE;2001-12-08;2001.89166667
NE;NORDESTE;2001-12-08;4850.01708333
S;SUL;2001-12-08;6616.6125
SE;SUDESTE;2001-12-08;21657.50583333
N;NORTE;2001-12-09;1853.1125
NE;NORDESTE;2001-12-09;4507.57083333
S;SUL;2001-12-09;5499.09166667
SE;SUDESTE;2001-12-09;19585.44666667
N;NORTE;2001-12-10;2030.9625
NE;NORDESTE;2001-12-10;5097.6625
S;SUL;2001-12-10;7202.66666667
SE;SUDESTE;2001-12-10;23376.44125
N;NORTE;2001-12-11;2080.39166667
NE;NORDESTE;2001-12-11;5230.75666667
S;SUL;2001-12-11;7502.6875
SE;SUDESTE;2001-12-11;23944.25583333
N;NORTE;2001-12-12;2094.875
NE;NORDESTE;2001-12-12;5225.44625
S;SUL;2001-12-12;7689.03333333
SE;SUDESTE;2001-12-12;24031.37125
N;NORTE;2001-12-13;2095.54583333
NE;NORDESTE;2001-12-13;5207.52166667
S;SUL;2001-12-13;7720.2625
SE;SUDESTE;2001-12-13;24169.89458333
N;NORTE;2001-12-14;2117.025
NE;NORDESTE;2001-12-14;5264.11041667
S;SUL;2001-12-14;7574.7
SE;SUDESTE;2001-12-14;23805.4975
N;NORTE;2001-12-15;2074.10833333
NE;NORDESTE;2001-12-15;4974.53541667
S;SUL;2001-12-15;6587.88333333
SE;SUDESTE;2001-12-15;21594.835
N;NORTE;2001-12-16;1980.4875
NE;NORDESTE;2001-12-16;4606.61291667
S;SUL;2001-12-16;5538.04166667
SE;SUDESTE;2001-12-16;18987.59958333
N;NORTE;2001-12-17;2130.42083333
NE;NORDESTE;2001-12-17;5131.71875
S;SUL;2001-12-17;7253.55416667
SE;SUDESTE;2001-12-17;22211.65416667
N;NORTE;2001-12-18;2136.26666667
NE;NORDESTE;2001-12-18;5239.3625
S;SUL;2001-12-18;7461.7875
SE;SUDESTE;2001-12-18;23103.4
N;NORTE;2001-12-19;2146.90833333
NE;NORDESTE;2001-12-19;5248.47875
S;SUL;2001-12-19;7601.4125
SE;SUDESTE;2001-12-19;23300.68125
N;NORTE;2001-12-20;2148.41666667
NE;NORDESTE;2001-12-20;5252.27666667
S;SUL;2001-12-20;7815.3
SE;SUDESTE;2001-12-20;23338.48625
N;NORTE;2001-12-21;2126.125
NE;NORDESTE;2001-12-21;5238.9525
S;SUL;2001-12-21;7386.23333333
SE;SUDESTE;2001-12-21;22862.40458333
N;NORTE;2001-12-22;2027.5875
NE;NORDESTE;2001-12-22;5021.95375
S;SUL;2001-12-22;6178.60416667
SE;SUDESTE;2001-12-22;20948.75625
N;NORTE;2001-12-23;1982.3625
NE;NORDESTE;2001-12-23;4693.67958333
S;SUL;2001-12-23;5177.76666667
SE;SUDESTE;2001-12-23;19264.00083333
N;NORTE;2001-12-24;2021.32916667
NE;NORDESTE;2001-12-24;4742.63708333
S;SUL;2001-12-24;5336.32916667
SE;SUDESTE;2001-12-24;18283.61833333
N;NORTE;2001-12-25;1952.95833333
NE;NORDESTE;2001-12-25;4316.75875
S;SUL;2001-12-25;4508.37208333
SE;SUDESTE;2001-12-25;15878.38583333
N;NORTE;2001-12-26;2068.54166667
NE;NORDESTE;2001-12-26;5102.50291667
S;SUL;2001-12-26;6195.19583333
SE;SUDESTE;2001-12-26;19691.21791667
N;NORTE;2001-12-27;2094.07083333
NE;NORDESTE;2001-12-27;5165.87166667
S;SUL;2001-12-27;6541.7875
SE;SUDESTE;2001-12-27;20553.54208333
N;NORTE;2001-12-28;2029.6
NE;NORDESTE;2001-12-28;5096.76625
S;SUL;2001-12-28;6652.14166667
SE;SUDESTE;2001-12-28;20879.1625
N;NORTE;2001-12-29;1970.62916667
NE;NORDESTE;2001-12-29;4868.37291667
S;SUL;2001-12-29;6029.45833333
SE;SUDESTE;2001-12-29;19526.9275
N;NORTE;2001-12-30;1901.01666667
NE;NORDESTE;2001-12-30;4397.92333333
S;SUL;2001-12-30;5407.5375
SE;SUDESTE;2001-12-30;17886.67083333
N;NORTE;2001-12-31;1957.98333333
NE;NORDESTE;2001-12-31;4462.84041667
S;SUL;2001-12-31;5517.38333333
SE;SUDESTE;2001-12-31;18148.99625
